[
  {
    "id": 1,
    "price": 554,
    "collection": "Снежный скольжение",
    "manufacturer": "Германия",
    "warranty": "3 года",
    "life": "7 лет",
    "color": "Бордовый",
    "max_weight": "80 кг",
    "type": "Сноуборды",
    "img": "/snowboard1.png",
    "name": "Сноуборд Storm X"
  },
  {
    "id": 2,
    "price": 741,
    "collection": "Альпийская серия",
    "manufacturer": "Китай",
    "warranty": "2 года",
    "life": "10 лет",
    "color": "Зелёный",
    "max_weight": "113 кг",
    "type": "Термобельё",
    "img": "/protection2.png",
    "name": "Термобельё PowerWarm"
  },
  {
    "id": 3,
    "price": 415,
    "collection": "Зимний край",
    "manufacturer": "Китай",
    "warranty": "1 год",
    "life": "7 лет",
    "color": "Голубой",
    "max_weight": "100 кг",
    "type": "Лыжи",
    "img": "/skis4.png",
    "name": "Беговые лыжи Classic"
  },
  {
    "id": 4,
    "price": 846,
    "collection": "Зимний край",
    "manufacturer": "США",
    "warranty": "1 год",
    "life": "10 лет",
    "color": "Салатовый",
    "max_weight": "116 кг",
    "type": "Куртка",
    "img": "/protection4.png",
    "name": "Куртка IcePeak Trail"
  },
  {
    "id": 5,
    "price": 369,
    "collection": "Зимний край",
    "manufacturer": "Китай",
    "warranty": "1 год",
    "life": "5 лет",
    "color": "Синий",
    "max_weight": "105 кг",
    "type": "Штаны",
    "img": "/protection3.png",
    "name": "Штаны ColdDefender"
  },
  {
    "id": 6,
    "price": 137,
    "collection": "Альпийская серия",
    "manufacturer": "Китай",
    "warranty": "5 лет",
    "life": "5 лет",
    "color": "Бирюзовый",
    "max_weight": "68 кг",
    "type": "Штаны",
    "img": "/protection3.png",
    "name": "Штаны SnowFlex"
  },
  {
    "id": 7,
    "price": 224,
    "collection": "Ледяной пик",
    "manufacturer": "Россия",
    "warranty": "3 года",
    "life": "10 лет",
    "color": "Голубой",
    "max_weight": "75 кг",
    "type": "Шлем",
    "img": "/protection4.png",
    "name": "Шлем Force One"
  },
  {
    "id": 8,
    "price": 501,
    "collection": "Снежный скольжение",
    "manufacturer": "Германия",
    "warranty": "5 лет",
    "life": "10 лет",
    "color": "Песочный",
    "max_weight": "110 кг",
    "type": "Лыжи",
    "img": "/skis2.png",
    "name": "Лыжи универсальные Glide"
  },
  {
    "id": 9,
    "price": 875,
    "collection": "Ледяной пик",
    "manufacturer": "Германия",
    "warranty": "2 года",
    "life": "10 лет",
    "color": "Песочный",
    "max_weight": "124 кг",
    "type": "Ботинки",
    "img": "/protection5.png",
    "name": "Ботинки FlexPro"
  },
  {
    "id": 10,
    "price": 740,
    "collection": "Зимний край",
    "manufacturer": "Франция",
    "warranty": "5 лет",
    "life": "10 лет",
    "color": "Белый",
    "max_weight": "91 кг",
    "type": "Сноуборды",
    "img": "/snowboard2.png",
    "name": "Сноуборд Snow Beast"
  },
  {
    "id": 11,
    "price": 197,
    "collection": "Северная серия",
    "manufacturer": "Россия",
    "warranty": "5 лет",
    "life": "5 лет",
    "color": "Зелёный",
    "max_weight": "109 кг",
    "type": "Штаны",
    "img": "/protection5.png",
    "name": "Штаны ColdDefender"
  },
  {
    "id": 12,
    "price": 876,
    "collection": "Ледяной пик",
    "manufacturer": "Россия",
    "warranty": "3 года",
    "life": "5 лет",
    "color": "Жёлтый",
    "max_weight": "94 кг",
    "type": "Защита",
    "img": "/protection4.png",
    "name": "Защита спины ShieldCore"
  },
  {
    "id": 13,
    "price": 177,
    "collection": "Альпийская серия",
    "manufacturer": "Китай",
    "warranty": "3 года",
    "life": "10 лет",
    "color": "Бордовый",
    "max_weight": "62 кг",
    "type": "Куртка",
    "img": "/protection2.png",
    "name": "Куртка IcePeak Trail"
  },
  {
    "id": 14,
    "price": 286,
    "collection": "Снежный скольжение",
    "manufacturer": "Германия",
    "warranty": "5 лет",
    "life": "5 лет",
    "color": "Жёлтый",
    "max_weight": "93 кг",
    "type": "Термобельё",
    "img": "/protection2.png",
    "name": "Термобельё WarmFlex"
  },
  {
    "id": 15,
    "price": 871,
    "collection": "Снежный скольжение",
    "manufacturer": "Эстония",
    "warranty": "3 года",
    "life": "7 лет",
    "color": "Бежевый",
    "max_weight": "83 кг",
    "type": "Штаны",
    "img": "/protection5.png",
    "name": "Штаны SnowFlex"
  },
  {
    "id": 16,
    "price": 485,
    "collection": "Зимний край",
    "manufacturer": "Франция",
    "warranty": "1 год",
    "life": "7 лет",
    "color": "Голубой",
    "max_weight": "66 кг",
    "type": "Ботинки",
    "img": "/protection3.png",
    "name": "Ботинки SnowGrip"
  },
  {
    "id": 17,
    "price": 124,
    "collection": "Альпийская серия",
    "manufacturer": "Германия",
    "warranty": "2 года",
    "life": "10 лет",
    "color": "Оранжевый",
    "max_weight": "86 кг",
    "type": "Сноуборды",
    "img": "/snowboard1.png",
    "name": "Сноуборд Ice Hunter"
  },
  {
    "id": 18,
    "price": 164,
    "collection": "Ледяной пик",
    "manufacturer": "Франция",
    "warranty": "5 лет",
    "life": "10 лет",
    "color": "Красный",
    "max_weight": "81 кг",
    "type": "Шлем",
    "img": "/protection1.png",
    "name": "Шлем Force One"
  },
  {
    "id": 19,
    "price": 801,
    "collection": "Снежный скольжение",
    "manufacturer": "США",
    "warranty": "1 год",
    "life": "7 лет",
    "color": "Мятный",
    "max_weight": "95 кг",
    "type": "Шлем",
    "img": "/protection2.png",
    "name": "Шлем Xtreme Core"
  },
  {
    "id": 20,
    "price": 465,
    "collection": "Северная серия",
    "manufacturer": "Россия",
    "warranty": "1 год",
    "life": "5 лет",
    "color": "Бордовый",
    "max_weight": "138 кг",
    "type": "Сноуборды",
    "img": "/snowboard3.png",
    "name": "Сноуборд Shadow Rider"
  },
  {
    "id": 21,
    "price": 205,
    "collection": "Снежный скольжение",
    "manufacturer": "Франция",
    "warranty": "5 лет",
    "life": "7 лет",
    "color": "Салатовый",
    "max_weight": "71 кг",
    "type": "Куртка",
    "img": "/protection3.png",
    "name": "Куртка IcePeak Trail"
  },
  {
    "id": 22,
    "price": 493,
    "collection": "Ледяной пик",
    "manufacturer": "Эстония",
    "warranty": "5 лет",
    "life": "10 лет",
    "color": "Жёлтый",
    "max_weight": "87 кг",
    "type": "Штаны",
    "img": "/protection4.png",
    "name": "Штаны ColdDefender"
  },
  {
    "id": 23,
    "price": 451,
    "collection": "Снежный скольжение",
    "manufacturer": "Франция",
    "warranty": "3 года",
    "life": "5 лет",
    "color": "Лавандовый",
    "max_weight": "94 кг",
    "type": "Куртка",
    "img": "/protection5.png",
    "name": "Куртка Arctic Wind"
  },
  {
    "id": 24,
    "price": 456,
    "collection": "Северная серия",
    "manufacturer": "Эстония",
    "warranty": "3 года",
    "life": "5 лет",
    "color": "Красный",
    "max_weight": "80 кг",
    "type": "Куртка",
    "img": "/protection1.png",
    "name": "Куртка Windstopper"
  },
  {
    "id": 25,
    "price": 434,
    "collection": "Ледяной пик",
    "manufacturer": "Эстония",
    "warranty": "1 год",
    "life": "10 лет",
    "color": "Малиновый",
    "max_weight": "99 кг",
    "type": "Сноуборды",
    "img": "/snowboard2.png",
    "name": "Сноуборд Blizzard Edge"
  },
  {
    "id": 26,
    "price": 793,
    "collection": "Альпийская серия",
    "manufacturer": "Эстония",
    "warranty": "1 год",
    "life": "7 лет",
    "color": "Голубой",
    "max_weight": "85 кг",
    "type": "Защита",
    "img": "/protection1.png",
    "name": "Налокотники Trust Arm Shield"
  },
  {
    "id": 27,
    "price": 194,
    "collection": "Снежный скольжение",
    "manufacturer": "США",
    "warranty": "2 года",
    "life": "5 лет",
    "color": "Чёрный",
    "max_weight": "136 кг",
    "type": "Лыжи",
    "img": "/skis4.png",
    "name": "Беговые лыжи Classic"
  },
  {
    "id": 28,
    "price": 461,
    "collection": "Зимний край",
    "manufacturer": "Эстония",
    "warranty": "3 года",
    "life": "5 лет",
    "color": "Изумрудный",
    "max_weight": "83 кг",
    "type": "Термобельё",
    "img": "/protection4.png",
    "name": "Термобельё WarmFlex"
  },
  {
    "id": 29,
    "price": 704,
    "collection": "Ледяной пик",
    "manufacturer": "Германия",
    "warranty": "5 лет",
    "life": "5 лет",
    "color": "Жёлтый",
    "max_weight": "117 кг",
    "type": "Лыжи",
    "img": "/skis1.png",
    "name": "Лыжи для начинающих"
  },
  {
    "id": 30,
    "price": 465,
    "collection": "Зимний край",
    "manufacturer": "Эстония",
    "warranty": "3 года",
    "life": "10 лет",
    "color": "Бирюзовый",
    "max_weight": "95 кг",
    "type": "Куртка",
    "img": "/protection4.png",
    "name": "Куртка IcePeak Trail"
  },
  {
    "id": 31,
    "price": 495,
    "collection": "Снежный скольжение",
    "manufacturer": "Эстония",
    "warranty": "5 лет",
    "life": "10 лет",
    "color": "Лавандовый",
    "max_weight": "67 кг",
    "type": "Термобельё",
    "img": "/protection3.png",
    "name": "Термобельё WarmFlex"
  },
  {
    "id": 32,
    "price": 494,
    "collection": "Снежный скольжение",
    "manufacturer": "Германия",
    "warranty": "5 лет",
    "life": "10 лет",
    "color": "Песочный",
    "max_weight": "122 кг",
    "type": "Куртка",
    "img": "/protection4.png",
    "name": "Куртка Arctic Wind"
  },
  {
    "id": 33,
    "price": 877,
    "collection": "Ледяной пик",
    "manufacturer": "Россия",
    "warranty": "2 года",
    "life": "7 лет",
    "color": "Серый",
    "max_weight": "72 кг",
    "type": "Термобельё",
    "img": "/protection1.png",
    "name": "Термобельё PowerWarm"
  },
  {
    "id": 34,
    "price": 769,
    "collection": "Ледяной пик",
    "manufacturer": "Китай",
    "warranty": "1 год",
    "life": "7 лет",
    "color": "Голубой",
    "max_weight": "131 кг",
    "type": "Сноуборды",
    "img": "/snowboard3.png",
    "name": "Сноуборд Glide Pro"
  },
  {
    "id": 35,
    "price": 363,
    "collection": "Зимний край",
    "manufacturer": "Китай",
    "warranty": "1 год",
    "life": "10 лет",
    "color": "Бирюзовый",
    "max_weight": "95 кг",
    "type": "Шлем",
    "img": "/protection4.png",
    "name": "Шлем Force One"
  },
  {
    "id": 36,
    "price": 575,
    "collection": "Северная серия",
    "manufacturer": "США",
    "warranty": "1 год",
    "life": "5 лет",
    "color": "Белый",
    "max_weight": "80 кг",
    "type": "Шлем",
    "img": "/protection5.png",
    "name": "Шлем Trust Safe Pro"
  },
  {
    "id": 37,
    "price": 376,
    "collection": "Ледяной пик",
    "manufacturer": "Эстония",
    "warranty": "1 год",
    "life": "7 лет",
    "color": "Зелёный",
    "max_weight": "106 кг",
    "type": "Куртка",
    "img": "/protection2.png",
    "name": "Куртка Trust Arctic Shield"
  },
  {
    "id": 38,
    "price": 450,
    "collection": "Ледяной пик",
    "manufacturer": "Эстония",
    "warranty": "1 год",
    "life": "5 лет",
    "color": "Салатовый",
    "max_weight": "82 кг",
    "type": "Куртка",
    "img": "/protection4.png",
    "name": "Куртка Arctic Wind"
  },
  {
    "id": 39,
    "price": 255,
    "collection": "Зимний край",
    "manufacturer": "Эстония",
    "warranty": "1 год",
    "life": "7 лет",
    "color": "Синий",
    "max_weight": "103 кг",
    "type": "Термобельё",
    "img": "/protection2.png",
    "name": "Термобельё PowerWarm"
  },
  {
    "id": 40,
    "price": 291,
    "collection": "Зимний край",
    "manufacturer": "США",
    "warranty": "5 лет",
    "life": "10 лет",
    "color": "Коричневый",
    "max_weight": "121 кг",
    "type": "Защита",
    "img": "/protection3.png",
    "name": "Защита для колен"
  },
  {
    "id": 41,
    "price": 456,
    "collection": "Зимний край",
    "manufacturer": "Франция",
    "warranty": "2 года",
    "life": "5 лет",
    "color": "Голубой",
    "max_weight": "115 кг",
    "type": "Сноуборды",
    "img": "/snowboard1.png",
    "name": "Сноуборд Thunderbolt"
  },
  {
    "id": 42,
    "price": 409,
    "collection": "Снежный скольжение",
    "manufacturer": "США",
    "warranty": "3 года",
    "life": "7 лет",
    "color": "Фиолетовый",
    "max_weight": "95 кг",
    "type": "Куртка",
    "img": "/protection3.png",
    "name": "Куртка Arctic Wind"
  },
  {
    "id": 43,
    "price": 582,
    "collection": "Альпийская серия",
    "manufacturer": "Эстония",
    "warranty": "5 лет",
    "life": "10 лет",
    "color": "Белый",
    "max_weight": "112 кг",
    "type": "Шлем",
    "img": "/protection2.png",
    "name": "Шлем NightRider"
  },
  {
    "id": 44,
    "price": 592,
    "collection": "Северная серия",
    "manufacturer": "США",
    "warranty": "1 год",
    "life": "7 лет",
    "color": "Серый",
    "max_weight": "96 кг",
    "type": "Куртка",
    "img": "/protection2.png",
    "name": "Куртка Trust Arctic Shield"
  },
  {
    "id": 45,
    "price": 452,
    "collection": "Северная серия",
    "manufacturer": "Эстония",
    "warranty": "5 лет",
    "life": "7 лет",
    "color": "Жёлтый",
    "max_weight": "84 кг",
    "type": "Ботинки",
    "img": "/protection4.png",
    "name": "Ботинки SnowGrip"
  },
  {
    "id": 46,
    "price": 824,
    "collection": "Альпийская серия",
    "manufacturer": "Эстония",
    "warranty": "1 год",
    "life": "10 лет",
    "color": "Голубой",
    "max_weight": "134 кг",
    "type": "Лыжи",
    "img": "/skis2.png",
    "name": "Фристайл лыжи Jump"
  },
  {
    "id": 47,
    "price": 256,
    "collection": "Зимний край",
    "manufacturer": "Китай",
    "warranty": "5 лет",
    "life": "10 лет",
    "color": "Белый",
    "max_weight": "84 кг",
    "type": "Штаны",
    "img": "/protection4.png",
    "name": "Штаны StormShell"
  },
  {
    "id": 48,
    "price": 538,
    "collection": "Альпийская серия",
    "manufacturer": "Эстония",
    "warranty": "5 лет",
    "life": "7 лет",
    "color": "Коричневый",
    "max_weight": "65 кг",
    "type": "Лыжи",
    "img": "/skis2.png",
    "name": "Горные лыжи X-Trail"
  },
  {
    "id": 49,
    "price": 283,
    "collection": "Ледяной пик",
    "manufacturer": "Россия",
    "warranty": "1 год",
    "life": "7 лет",
    "color": "Жёлтый",
    "max_weight": "124 кг",
    "type": "Ботинки",
    "img": "/protection2.png",
    "name": "Ботинки FlexPro"
  },
  {
    "id": 50,
    "price": 192,
    "collection": "Северная серия",
    "manufacturer": "Германия",
    "warranty": "3 года",
    "life": "5 лет",
    "color": "Жёлтый",
    "max_weight": "82 кг",
    "type": "Сноуборды",
    "img": "/snowboard3.png",
    "name": "Сноуборд Storm X"
  },
  {
    "id": 51,
    "price": 380,
    "collection": "Альпийская серия",
    "manufacturer": "Франция",
    "warranty": "3 года",
    "life": "5 лет",
    "color": "Песочный",
    "max_weight": "127 кг",
    "type": "Шлем",
    "img": "/protection5.png",
    "name": "Шлем Glacier Safe"
  },
  {
    "id": 52,
    "price": 169,
    "collection": "Ледяной пик",
    "manufacturer": "Китай",
    "warranty": "2 года",
    "life": "10 лет",
    "color": "Коричневый",
    "max_weight": "71 кг",
    "type": "Шлем",
    "img": "/protection5.png",
    "name": "Шлем Xtreme Core"
  },
  {
    "id": 53,
    "price": 589,
    "collection": "Северная серия",
    "manufacturer": "Франция",
    "warranty": "1 год",
    "life": "10 лет",
    "color": "Песочный",
    "max_weight": "103 кг",
    "type": "Штаны",
    "img": "/protection2.png",
    "name": "Штаны IceBlocker"
  },
  {
    "id": 54,
    "price": 487,
    "collection": "Северная серия",
    "manufacturer": "США",
    "warranty": "2 года",
    "life": "7 лет",
    "color": "Бордовый",
    "max_weight": "122 кг",
    "type": "Шлем",
    "img": "/protection1.png",
    "name": "Шлем Xtreme Core"
  },
  {
    "id": 55,
    "price": 521,
    "collection": "Ледяной пик",
    "manufacturer": "США",
    "warranty": "2 года",
    "life": "7 лет",
    "color": "Голубой",
    "max_weight": "123 кг",
    "type": "Штаны",
    "img": "/protection1.png",
    "name": "Штаны IceBlocker"
  },
  {
    "id": 56,
    "price": 707,
    "collection": "Зимний край",
    "manufacturer": "Франция",
    "warranty": "3 года",
    "life": "10 лет",
    "color": "Песочный",
    "max_weight": "70 кг",
    "type": "Ботинки",
    "img": "/protection3.png",
    "name": "Ботинки FlexPro"
  },
  {
    "id": 57,
    "price": 310,
    "collection": "Ледяной пик",
    "manufacturer": "Германия",
    "warranty": "3 года",
    "life": "10 лет",
    "color": "Чёрный",
    "max_weight": "79 кг",
    "type": "Штаны",
    "img": "/protection3.png",
    "name": "Штаны IceBlocker"
  },
  {
    "id": 58,
    "price": 360,
    "collection": "Зимний край",
    "manufacturer": "Франция",
    "warranty": "1 год",
    "life": "5 лет",
    "color": "Лавандовый",
    "max_weight": "93 кг",
    "type": "Лыжи",
    "img": "/skis1.png",
    "name": "Лёгкие лыжи Sprint"
  },
  {
    "id": 59,
    "price": 429,
    "collection": "Северная серия",
    "manufacturer": "США",
    "warranty": "3 года",
    "life": "10 лет",
    "color": "Бирюзовый",
    "max_weight": "91 кг",
    "type": "Куртка",
    "img": "/protection5.png",
    "name": "Куртка Windstopper"
  },
  {
    "id": 60,
    "price": 297,
    "collection": "Ледяной пик",
    "manufacturer": "Эстония",
    "warranty": "1 год",
    "life": "5 лет",
    "color": "Фиолетовый",
    "max_weight": "107 кг",
    "type": "Шлем",
    "img": "/protection4.png",
    "name": "Шлем SnowGuard X"
  },
  {
    "id": 61,
    "price": 256,
    "collection": "Ледяной пик",
    "manufacturer": "США",
    "warranty": "2 года",
    "life": "5 лет",
    "color": "Малиновый",
    "max_weight": "114 кг",
    "type": "Термобельё",
    "img": "/protection1.png",
    "name": "Термобельё PowerWarm"
  },
  {
    "id": 62,
    "price": 384,
    "collection": "Зимний край",
    "manufacturer": "Эстония",
    "warranty": "2 года",
    "life": "10 лет",
    "color": "Мятный",
    "max_weight": "91 кг",
    "type": "Термобельё",
    "img": "/protection3.png",
    "name": "Термобельё WarmFlex"
  },
  {
    "id": 63,
    "price": 450,
    "collection": "Зимний край",
    "manufacturer": "Германия",
    "warranty": "5 лет",
    "life": "10 лет",
    "color": "Чёрный",
    "max_weight": "136 кг",
    "type": "Защита",
    "img": "/protection1.png",
    "name": "Защита для колен"
  },
  {
    "id": 64,
    "price": 313,
    "collection": "Альпийская серия",
    "manufacturer": "Эстония",
    "warranty": "5 лет",
    "life": "10 лет",
    "color": "Серый",
    "max_weight": "128 кг",
    "type": "Лыжи",
    "img": "/skis3.png",
    "name": "Туринговые лыжи Explorer"
  },
  {
    "id": 65,
    "price": 288,
    "collection": "Снежный скольжение",
    "manufacturer": "Россия",
    "warranty": "2 года",
    "life": "5 лет",
    "color": "Салатовый",
    "max_weight": "140 кг",
    "type": "Сноуборды",
    "img": "/snowboard1.png",
    "name": "Сноуборд Thunderbolt"
  },
  {
    "id": 66,
    "price": 117,
    "collection": "Зимний край",
    "manufacturer": "США",
    "warranty": "2 года",
    "life": "10 лет",
    "color": "Бирюзовый",
    "max_weight": "136 кг",
    "type": "Куртка",
    "img": "/protection2.png",
    "name": "Куртка Trust Arctic Shield"
  },
  {
    "id": 67,
    "price": 543,
    "collection": "Северная серия",
    "manufacturer": "Германия",
    "warranty": "3 года",
    "life": "7 лет",
    "color": "Серый",
    "max_weight": "127 кг",
    "type": "Штаны",
    "img": "/protection4.png",
    "name": "Штаны SnowFlex"
  },
  {
    "id": 68,
    "price": 327,
    "collection": "Ледяной пик",
    "manufacturer": "Китай",
    "warranty": "3 года",
    "life": "5 лет",
    "color": "Лавандовый",
    "max_weight": "119 кг",
    "type": "Лыжи",
    "img": "/skis3.png",
    "name": "Горные лыжи X-Trail"
  },
  {
    "id": 69,
    "price": 706,
    "collection": "Снежный скольжение",
    "manufacturer": "Франция",
    "warranty": "3 года",
    "life": "5 лет",
    "color": "Оранжевый",
    "max_weight": "83 кг",
    "type": "Лыжи",
    "img": "/skis4.png",
    "name": "Фристайл лыжи Jump"
  },
  {
    "id": 70,
    "price": 253,
    "collection": "Альпийская серия",
    "manufacturer": "США",
    "warranty": "1 год",
    "life": "5 лет",
    "color": "Белый",
    "max_weight": "118 кг",
    "type": "Штаны",
    "img": "/protection5.png",
    "name": "Штаны ColdDefender"
  },
  {
    "id": 71,
    "price": 585,
    "collection": "Альпийская серия",
    "manufacturer": "Германия",
    "warranty": "3 года",
    "life": "10 лет",
    "color": "Песочный",
    "max_weight": "92 кг",
    "type": "Сноуборды",
    "img": "/snowboard1.png",
    "name": "Сноуборд Snow Beast"
  },
  {
    "id": 72,
    "price": 776,
    "collection": "Альпийская серия",
    "manufacturer": "Россия",
    "warranty": "1 год",
    "life": "5 лет",
    "color": "Жёлтый",
    "max_weight": "110 кг",
    "type": "Сноуборды",
    "img": "/snowboard1.png",
    "name": "Сноуборд Ice Hunter"
  },
  {
    "id": 73,
    "price": 149,
    "collection": "Снежный скольжение",
    "manufacturer": "Франция",
    "warranty": "5 лет",
    "life": "5 лет",
    "color": "Бордовый",
    "max_weight": "133 кг",
    "type": "Куртка",
    "img": "/protection1.png",
    "name": "Куртка IcePeak Trail"
  },
  {
    "id": 74,
    "price": 584,
    "collection": "Альпийская серия",
    "manufacturer": "Китай",
    "warranty": "2 года",
    "life": "10 лет",
    "color": "Бежевый",
    "max_weight": "132 кг",
    "type": "Шлем",
    "img": "/protection5.png",
    "name": "Шлем NightRider"
  },
  {
    "id": 75,
    "price": 348,
    "collection": "Ледяной пик",
    "manufacturer": "Франция",
    "warranty": "3 года",
    "life": "10 лет",
    "color": "Лавандовый",
    "max_weight": "117 кг",
    "type": "Ботинки",
    "img": "/protection2.png",
    "name": "Ботинки SnowStep 3000"
  },
  {
    "id": 76,
    "price": 335,
    "collection": "Зимний край",
    "manufacturer": "США",
    "warranty": "2 года",
    "life": "10 лет",
    "color": "Бирюзовый",
    "max_weight": "134 кг",
    "type": "Куртка",
    "img": "/protection1.png",
    "name": "Куртка Arctic Wind"
  },
  {
    "id": 77,
    "price": 570,
    "collection": "Северная серия",
    "manufacturer": "Франция",
    "warranty": "1 год",
    "life": "5 лет",
    "color": "Лавандовый",
    "max_weight": "81 кг",
    "type": "Сноуборды",
    "img": "/snowboard1.png",
    "name": "Сноуборд Glide Pro"
  },
  {
    "id": 78,
    "price": 197,
    "collection": "Снежный скольжение",
    "manufacturer": "США",
    "warranty": "5 лет",
    "life": "7 лет",
    "color": "Малиновый",
    "max_weight": "71 кг",
    "type": "Сноуборды",
    "img": "/snowboard2.png",
    "name": "Сноуборд Thunderbolt"
  },
  {
    "id": 79,
    "price": 852,
    "collection": "Зимний край",
    "manufacturer": "Китай",
    "warranty": "2 года",
    "life": "7 лет",
    "color": "Жёлтый",
    "max_weight": "90 кг",
    "type": "Штаны",
    "img": "/protection3.png",
    "name": "Штаны SnowFlex"
  },
  {
    "id": 80,
    "price": 315,
    "collection": "Альпийская серия",
    "manufacturer": "Китай",
    "warranty": "3 года",
    "life": "5 лет",
    "color": "Салатовый",
    "max_weight": "136 кг",
    "type": "Куртка",
    "img": "/protection1.png",
    "name": "Куртка Arctic Wind"
  },
  {
    "id": 81,
    "price": 577,
    "collection": "Ледяной пик",
    "manufacturer": "Россия",
    "warranty": "1 год",
    "life": "7 лет",
    "color": "Лавандовый",
    "max_weight": "84 кг",
    "type": "Штаны",
    "img": "/protection2.png",
    "name": "Штаны StormShell"
  },
  {
    "id": 82,
    "price": 573,
    "collection": "Ледяной пик",
    "manufacturer": "Эстония",
    "warranty": "5 лет",
    "life": "7 лет",
    "color": "Красный",
    "max_weight": "105 кг",
    "type": "Шлем",
    "img": "/protection5.png",
    "name": "Шлем Glacier Safe"
  },
  {
    "id": 83,
    "price": 647,
    "collection": "Зимний край",
    "manufacturer": "Германия",
    "warranty": "1 год",
    "life": "10 лет",
    "color": "Красный",
    "max_weight": "131 кг",
    "type": "Куртка",
    "img": "/protection4.png",
    "name": "Куртка Windstopper"
  },
  {
    "id": 84,
    "price": 457,
    "collection": "Снежный скольжение",
    "manufacturer": "Германия",
    "warranty": "2 года",
    "life": "10 лет",
    "color": "Чёрный",
    "max_weight": "140 кг",
    "type": "Защита",
    "img": "/protection2.png",
    "name": "Налокотники Trust Arm Shield"
  },
  {
    "id": 85,
    "price": 734,
    "collection": "Ледяной пик",
    "manufacturer": "США",
    "warranty": "2 года",
    "life": "5 лет",
    "color": "Лавандовый",
    "max_weight": "78 кг",
    "type": "Лыжи",
    "img": "/skis2.png",
    "name": "Фристайл лыжи Jump"
  },
  {
    "id": 86,
    "price": 320,
    "collection": "Зимний край",
    "manufacturer": "Франция",
    "warranty": "1 год",
    "life": "7 лет",
    "color": "Серый",
    "max_weight": "126 кг",
    "type": "Штаны",
    "img": "/protection3.png",
    "name": "Штаны ColdDefender"
  },
  {
    "id": 87,
    "price": 725,
    "collection": "Снежный скольжение",
    "manufacturer": "Эстония",
    "warranty": "1 год",
    "life": "10 лет",
    "color": "Голубой",
    "max_weight": "76 кг",
    "type": "Лыжи",
    "img": "/skis4.png",
    "name": "Туринговые лыжи Explorer"
  },
  {
    "id": 88,
    "price": 742,
    "collection": "Снежный скольжение",
    "manufacturer": "Эстония",
    "warranty": "3 года",
    "life": "5 лет",
    "color": "Изумрудный",
    "max_weight": "132 кг",
    "type": "Куртка",
    "img": "/protection3.png",
    "name": "Куртка Windstopper"
  },
  {
    "id": 89,
    "price": 109,
    "collection": "Зимний край",
    "manufacturer": "Германия",
    "warranty": "5 лет",
    "life": "10 лет",
    "color": "Коричневый",
    "max_weight": "88 кг",
    "type": "Сноуборды",
    "img": "/snowboard3.png",
    "name": "Сноуборд Blizzard Edge"
  },
  {
    "id": 90,
    "price": 665,
    "collection": "Ледяной пик",
    "manufacturer": "Китай",
    "warranty": "1 год",
    "life": "7 лет",
    "color": "Изумрудный",
    "max_weight": "130 кг",
    "type": "Лыжи",
    "img": "/skis2.png",
    "name": "Фристайл лыжи Jump"
  },
  {
    "id": 91,
    "price": 320,
    "collection": "Зимний край",
    "manufacturer": "Эстония",
    "warranty": "3 года",
    "life": "10 лет",
    "color": "Мятный",
    "max_weight": "98 кг",
    "type": "Штаны",
    "img": "/protection5.png",
    "name": "Штаны StormShell"
  },
  {
    "id": 92,
    "price": 278,
    "collection": "Снежный скольжение",
    "manufacturer": "Россия",
    "warranty": "1 год",
    "life": "7 лет",
    "color": "Лавандовый",
    "max_weight": "105 кг",
    "type": "Ботинки",
    "img": "/protection4.png",
    "name": "Ботинки IceBreaker"
  },
  {
    "id": 93,
    "price": 307,
    "collection": "Снежный скольжение",
    "manufacturer": "Эстония",
    "warranty": "1 год",
    "life": "7 лет",
    "color": "Синий",
    "max_weight": "108 кг",
    "type": "Ботинки",
    "img": "/protection1.png",
    "name": "Ботинки SnowGrip"
  },
  {
    "id": 94,
    "price": 601,
    "collection": "Альпийская серия",
    "manufacturer": "Германия",
    "warranty": "3 года",
    "life": "7 лет",
    "color": "Лавандовый",
    "max_weight": "132 кг",
    "type": "Куртка",
    "img": "/protection2.png",
    "name": "Куртка Arctic Wind"
  },
  {
    "id": 95,
    "price": 482,
    "collection": "Альпийская серия",
    "manufacturer": "Германия",
    "warranty": "5 лет",
    "life": "10 лет",
    "color": "Синий",
    "max_weight": "66 кг",
    "type": "Лыжи",
    "img": "/skis4.png",
    "name": "Туринговые лыжи Explorer"
  },
  {
    "id": 96,
    "price": 119,
    "collection": "Снежный скольжение",
    "manufacturer": "США",
    "warranty": "2 года",
    "life": "7 лет",
    "color": "Песочный",
    "max_weight": "82 кг",
    "type": "Ботинки",
    "img": "/protection5.png",
    "name": "Ботинки Mountain Lock"
  },
  {
    "id": 97,
    "price": 718,
    "collection": "Северная серия",
    "manufacturer": "Франция",
    "warranty": "5 лет",
    "life": "10 лет",
    "color": "Фиолетовый",
    "max_weight": "80 кг",
    "type": "Защита",
    "img": "/protection3.png",
    "name": "Налокотники SnowArmor"
  },
  {
    "id": 98,
    "price": 835,
    "collection": "Альпийская серия",
    "manufacturer": "Эстония",
    "warranty": "5 лет",
    "life": "7 лет",
    "color": "Оранжевый",
    "max_weight": "133 кг",
    "type": "Лыжи",
    "img": "/skis3.png",
    "name": "Скоростные лыжи Race Pro"
  },
  {
    "id": 99,
    "price": 563,
    "collection": "Альпийская серия",
    "manufacturer": "США",
    "warranty": "1 год",
    "life": "7 лет",
    "color": "Чёрный",
    "max_weight": "86 кг",
    "type": "Ботинки",
    "img": "/protection5.png",
    "name": "Ботинки SnowStep 3000"
  },
  {
    "id": 100,
    "price": 808,
    "collection": "Альпийская серия",
    "manufacturer": "Эстония",
    "warranty": "2 года",
    "life": "5 лет",
    "color": "Красный",
    "max_weight": "74 кг",
    "type": "Штаны",
    "img": "/protection2.png",
    "name": "Штаны ColdDefender"
  }
]